{"f1_optimal": 0.37903382497036187, "top20": 0.500927428704591}